1791138049,dns_cluster,1
1791138049,dns_external,1
1791138050,dns_cluster,1
1791138050,dns_external,1
1791138051,dns_cluster,1
1791138051,dns_external,1
1791138052,dns_cluster,1
1791138052,dns_external,1
1791138053,dns_cluster,1
1791138053,dns_external,1
1791138054,dns_cluster,1
1791138054,dns_external,1
1791138055,dns_cluster,1
1791138055,dns_external,1
1791138056,dns_cluster,1
1791138056,dns_external,1
1791138057,dns_cluster,1
1791138057,dns_external,1
1791138059,dns_cluster,1
1791138059,dns_external,1
1791138060,dns_cluster,1
1791138060,dns_external,1
1791138061,dns_cluster,1
1791138061,dns_external,1
1791138062,dns_cluster,1
1791138062,dns_external,1
1791138063,dns_cluster,1
1791138063,dns_external,1
1791138064,dns_cluster,1
1791138064,dns_external,1
1791138065,dns_cluster,1
1791138065,dns_external,1
1791138066,dns_cluster,1
1791138066,dns_external,1
1791138067,dns_cluster,1
1791138067,dns_external,1
1791138068,dns_cluster,1
1791138068,dns_external,1
1791138069,dns_cluster,1
1791138069,dns_external,1
1791138070,dns_cluster,1
1791138070,dns_external,1
1791138071,dns_cluster,1
1791138071,dns_external,1
1791138072,dns_cluster,1
1791138072,dns_external,1
1791138073,dns_cluster,1
1791138073,dns_external,1
1791138074,dns_cluster,1
1791138074,dns_external,1
1791138075,dns_cluster,1
1791138075,dns_external,1
1791138076,dns_cluster,1
1791138076,dns_external,1
1791138077,dns_cluster,1
1791138077,dns_external,1
1791138078,dns_cluster,1
1791138078,dns_external,1
1791138079,dns_cluster,1
1791138079,dns_external,1
1791138080,dns_cluster,1
1791138080,dns_external,1
1791138081,dns_cluster,1
1791138081,dns_external,1
1791138082,dns_cluster,1
1791138082,dns_external,1
1791138083,dns_cluster,1
1791138083,dns_external,1
1791138084,dns_cluster,1
1791138084,dns_external,1
1791138085,dns_cluster,1
1791138085,dns_external,1
1791138086,dns_cluster,1
1791138086,dns_external,1
1791138087,dns_cluster,1
1791138087,dns_external,1
1791138088,dns_cluster,1
1791138088,dns_external,1
1791138090,dns_cluster,1
1791138090,dns_external,1
1791138091,dns_cluster,1
1791138091,dns_external,1
1791138092,dns_cluster,1
1791138092,dns_external,1
1791138093,dns_cluster,1
1791138093,dns_external,1
1791138094,dns_cluster,1
1791138094,dns_external,1
1791138095,dns_cluster,1
1791138095,dns_external,1
1791138096,dns_cluster,1
1791138096,dns_external,1
1791138097,dns_cluster,1
1791138097,dns_external,1
1791138098,dns_cluster,1
1791138098,dns_external,1
1791138099,dns_cluster,1
1791138099,dns_external,1
1791138100,dns_cluster,1
1791138100,dns_external,1
1791138101,dns_cluster,1
1791138101,dns_external,1
1791138102,dns_cluster,1
1791138102,dns_external,1
1791138103,dns_cluster,1
1791138103,dns_external,1
1791138104,dns_cluster,1
1791138104,dns_external,1
1791138105,dns_cluster,1
1791138105,dns_external,1
1791138106,dns_cluster,1
1791138106,dns_external,1
1791138107,dns_cluster,1
1791138107,dns_external,1
1791138108,dns_cluster,1
1791138108,dns_external,1
1791138109,dns_cluster,1
1791138109,dns_external,1
1791138110,dns_cluster,1
1791138110,dns_external,1
1791138111,dns_cluster,1
1791138111,dns_external,1
1791138112,dns_cluster,1
1791138112,dns_external,1
1791138113,dns_cluster,1
1791138113,dns_external,1
1791138114,dns_cluster,1
1791138114,dns_external,1
1791138115,dns_cluster,1
1791138115,dns_external,1
1791138117,dns_cluster,1
1791138117,dns_external,1
1791138118,dns_cluster,1
1791138118,dns_external,1
1791138119,dns_cluster,1
1791138119,dns_external,1
1791138120,dns_cluster,1
1791138120,dns_external,1
1791138121,dns_cluster,1
1791138121,dns_external,1
1791138122,dns_cluster,1
1791138122,dns_external,1
1791138123,dns_cluster,1
1791138123,dns_external,1
1791138124,dns_cluster,1
1791138124,dns_external,1
1791138125,dns_cluster,1
1791138125,dns_external,1
1791138126,dns_cluster,1
1791138126,dns_external,1
1791138127,dns_cluster,1
1791138127,dns_external,1
1791138128,dns_cluster,1
1791138128,dns_external,1
1791138129,dns_cluster,1
1791138129,dns_external,1
1791138130,dns_cluster,1
1791138130,dns_external,1
1791138131,dns_cluster,1
1791138131,dns_external,1
1791138132,dns_cluster,1
1791138132,dns_external,1
1791138133,dns_cluster,1
1791138133,dns_external,1
1791138134,dns_cluster,1
1791138134,dns_external,1
1791138135,dns_cluster,1
1791138135,dns_external,1
1791138136,dns_cluster,1
1791138136,dns_external,1
1791138137,dns_cluster,1
1791138137,dns_external,1
1791138138,dns_cluster,1
1791138138,dns_external,1
1791138139,dns_cluster,1
1791138139,dns_external,1
1791138140,dns_cluster,1
1791138140,dns_external,1
1791138141,dns_cluster,1
1791138141,dns_external,1
1791138142,dns_cluster,1
1791138142,dns_external,1
1791138143,dns_cluster,1
1791138143,dns_external,1
1791138144,dns_cluster,1
1791138144,dns_external,1
1791138145,dns_cluster,1
1791138145,dns_external,1
1791138146,dns_cluster,1
1791138146,dns_external,1
1791138147,dns_cluster,1
1791138147,dns_external,1
1791138148,dns_cluster,1
1791138148,dns_external,1
1791138150,dns_cluster,1
1791138150,dns_external,1
1791138151,dns_cluster,1
1791138151,dns_external,1
1791138152,dns_cluster,1
1791138152,dns_external,1
1791138153,dns_cluster,1
1791138153,dns_external,1
1791138154,dns_cluster,1
1791138154,dns_external,1
1791138155,dns_cluster,1
1791138155,dns_external,1
1791138156,dns_cluster,1
1791138156,dns_external,1
1791138157,dns_cluster,1
1791138157,dns_external,1
1791138158,dns_cluster,1
1791138158,dns_external,1
1791138159,dns_cluster,1
1791138159,dns_external,1
1791138160,dns_cluster,1
1791138160,dns_external,1
1791138161,dns_cluster,1
1791138161,dns_external,1
1791138162,dns_cluster,1
1791138162,dns_external,1
1791138163,dns_cluster,1
1791138163,dns_external,1
1791138164,dns_cluster,1
1791138164,dns_external,1
1791138165,dns_cluster,1
1791138165,dns_external,1
1791138166,dns_cluster,1
1791138166,dns_external,1
1791138167,dns_cluster,1
1791138167,dns_external,1
1791138168,dns_cluster,1
1791138168,dns_external,1
1791138169,dns_cluster,1
1791138169,dns_external,1
1791138170,dns_cluster,1
1791138170,dns_external,1
1791138171,dns_cluster,1
1791138171,dns_external,1
1791138172,dns_cluster,1
1791138172,dns_external,1
1791138173,dns_cluster,1
1791138173,dns_external,1
1791138174,dns_cluster,1
1791138174,dns_external,1
1791138175,dns_cluster,1
1791138175,dns_external,1
1791138176,dns_cluster,1
1791138176,dns_external,1
1791138177,dns_cluster,1
1791138177,dns_external,1
1791138178,dns_cluster,1
1791138178,dns_external,1
1791138179,dns_cluster,1
1791138179,dns_external,1
1791138180,dns_cluster,1
1791138180,dns_external,1
1791138182,dns_cluster,1
1791138182,dns_external,1
1791138183,dns_cluster,1
1791138183,dns_external,1
1791138184,dns_cluster,1
1791138184,dns_external,1
1791138185,dns_cluster,1
1791138185,dns_external,1
1791138186,dns_cluster,1
1791138186,dns_external,1
1791138187,dns_cluster,1
1791138187,dns_external,1
1791138188,dns_cluster,1
1791138188,dns_external,1
1791138189,dns_cluster,1
1791138189,dns_external,1
1791138190,dns_cluster,1
1791138190,dns_external,1
1791138191,dns_cluster,1
1791138191,dns_external,1
1791138192,dns_cluster,1
1791138192,dns_external,1
1791138193,dns_cluster,1
1791138193,dns_external,1
1791138194,dns_cluster,1
1791138194,dns_external,1
1791138195,dns_cluster,1
1791138195,dns_external,1
1791138196,dns_cluster,1
1791138196,dns_external,1
1791138197,dns_cluster,1
1791138197,dns_external,1
1791138198,dns_cluster,1
1791138198,dns_external,1
1791138199,dns_cluster,1
1791138199,dns_external,1
1791138200,dns_cluster,1
1791138200,dns_external,1
1791138201,dns_cluster,1
1791138201,dns_external,1
1791138202,dns_cluster,1
1791138202,dns_external,1
1791138203,dns_cluster,1
1791138203,dns_external,1
1791138204,dns_cluster,1
1791138204,dns_external,1
1791138205,dns_cluster,1
1791138205,dns_external,1
1791138206,dns_cluster,1
1791138206,dns_external,1
1791138207,dns_cluster,1
1791138207,dns_external,1
1791138208,dns_cluster,1
1791138208,dns_external,1
1791138209,dns_cluster,1
1791138209,dns_external,1
1791138210,dns_cluster,1
1791138210,dns_external,1
1791138211,dns_cluster,1
1791138211,dns_external,1
1791138213,dns_cluster,1
1791138213,dns_external,1
1791138214,dns_cluster,1
1791138214,dns_external,1
1791138215,dns_cluster,1
1791138215,dns_external,1
1791138216,dns_cluster,1
1791138216,dns_external,1
1791138217,dns_cluster,1
1791138217,dns_external,1
1791138218,dns_cluster,1
1791138218,dns_external,1
1791138219,dns_cluster,1
1791138219,dns_external,1
1791138220,dns_cluster,1
1791138220,dns_external,1
1791138221,dns_cluster,1
1791138221,dns_external,1
1791138222,dns_cluster,1
1791138222,dns_external,1
1791138223,dns_cluster,1
1791138223,dns_external,1
1791138224,dns_cluster,1
1791138224,dns_external,1
1791138225,dns_cluster,1
1791138225,dns_external,1
1791138226,dns_cluster,1
1791138226,dns_external,1
1791138227,dns_cluster,1
1791138227,dns_external,1
1791138228,dns_cluster,1
1791138228,dns_external,1
1791138229,dns_cluster,1
1791138229,dns_external,1
1791138230,dns_cluster,1
1791138230,dns_external,1
1791138231,dns_cluster,1
1791138231,dns_external,1
1791138232,dns_cluster,1
1791138232,dns_external,1
1791138233,dns_cluster,1
1791138233,dns_external,1
1791138234,dns_cluster,1
1791138234,dns_external,1
1791138235,dns_cluster,1
1791138235,dns_external,1
1791138236,dns_cluster,1
1791138236,dns_external,1
1791138237,dns_cluster,1
1791138237,dns_external,1
1791138238,dns_cluster,1
1791138238,dns_external,1
1791138239,dns_cluster,1
1791138239,dns_external,1
1791138240,dns_cluster,1
1791138240,dns_external,1
1791138241,dns_cluster,1
1791138241,dns_external,1
1791138242,dns_cluster,1
1791138242,dns_external,1
1791138244,dns_cluster,1
1791138244,dns_external,1
1791138245,dns_cluster,1
1791138245,dns_external,1
1791138246,dns_cluster,1
1791138246,dns_external,1
1791138247,dns_cluster,1
1791138247,dns_external,1
1791138248,dns_cluster,1
1791138248,dns_external,1
1791138249,dns_cluster,1
1791138249,dns_external,1
1791138250,dns_cluster,1
1791138250,dns_external,1
1791138251,dns_cluster,1
1791138251,dns_external,1
1791138252,dns_cluster,1
1791138252,dns_external,1
1791138253,dns_cluster,1
1791138253,dns_external,1
1791138254,dns_cluster,1
1791138254,dns_external,1
1791138255,dns_cluster,1
1791138255,dns_external,1
1791138256,dns_cluster,1
1791138256,dns_external,1
1791138257,dns_cluster,1
1791138257,dns_external,1
1791138258,dns_cluster,1
1791138258,dns_external,1
1791138259,dns_cluster,1
1791138259,dns_external,1
1791138260,dns_cluster,1
1791138260,dns_external,1
1791138261,dns_cluster,1
1791138261,dns_external,1
1791138262,dns_cluster,1
1791138262,dns_external,1
1791138263,dns_cluster,1
1791138263,dns_external,1
1791138264,dns_cluster,1
1791138264,dns_external,1
1791138265,dns_cluster,1
1791138265,dns_external,1
1791138266,dns_cluster,1
1791138266,dns_external,1
1791138267,dns_cluster,1
1791138267,dns_external,1
1791138268,dns_cluster,1
1791138268,dns_external,1
1791138269,dns_cluster,1
1791138269,dns_external,1
1791138270,dns_cluster,1
1791138270,dns_external,1
1791138271,dns_cluster,1
1791138271,dns_external,1
1791138272,dns_cluster,1
1791138272,dns_external,1
1791138273,dns_cluster,1
1791138273,dns_external,1
1791138275,dns_cluster,1
1791138275,dns_external,1
1791138276,dns_cluster,1
1791138276,dns_external,1
1791138277,dns_cluster,1
1791138277,dns_external,1
1791138278,dns_cluster,1
1791138278,dns_external,1
1791138279,dns_cluster,1
1791138279,dns_external,1
1791138280,dns_cluster,1
1791138280,dns_external,1
1791138281,dns_cluster,1
1791138281,dns_external,1
1791138282,dns_cluster,1
1791138282,dns_external,1
1791138283,dns_cluster,1
1791138283,dns_external,1
1791138284,dns_cluster,1
1791138284,dns_external,1
1791138285,dns_cluster,1
1791138285,dns_external,1
1791138286,dns_cluster,1
1791138286,dns_external,1
1791138287,dns_cluster,1
1791138287,dns_external,1
1791138288,dns_cluster,1
1791138288,dns_external,1
1791138289,dns_cluster,1
1791138289,dns_external,1
1791138290,dns_cluster,1
1791138290,dns_external,1
1791138291,dns_cluster,1
1791138291,dns_external,1
1791138292,dns_cluster,1
1791138292,dns_external,1
1791138293,dns_cluster,1
1791138293,dns_external,1
1791138294,dns_cluster,1
1791138294,dns_external,1
1791138295,dns_cluster,1
1791138295,dns_external,1
1791138296,dns_cluster,1
1791138296,dns_external,1
1791138297,dns_cluster,1
1791138297,dns_external,1
1791138298,dns_cluster,1
1791138298,dns_external,1
1791138299,dns_cluster,1
1791138299,dns_external,1
1791138300,dns_cluster,1
1791138300,dns_external,1
1791138301,dns_cluster,1
1791138301,dns_external,1
1791138302,dns_cluster,1
1791138302,dns_external,1
1791138303,dns_cluster,1
1791138303,dns_external,1
1791138304,dns_cluster,1
1791138304,dns_external,1
1791138305,dns_cluster,1
1791138305,dns_external,1
1791138306,dns_cluster,1
1791138306,dns_external,1
1791138307,dns_cluster,1
1791138307,dns_external,1
1791138308,dns_cluster,1
1791138308,dns_external,1
1791138310,dns_cluster,1
1791138310,dns_external,1
1791138311,dns_cluster,1
1791138311,dns_external,1
1791138312,dns_cluster,1
1791138312,dns_external,1
1791138313,dns_cluster,1
1791138313,dns_external,1
1791138314,dns_cluster,1
1791138314,dns_external,1
1791138315,dns_cluster,1
1791138315,dns_external,1
1791138316,dns_cluster,1
1791138316,dns_external,1
1791138317,dns_cluster,1
1791138317,dns_external,1
1791138318,dns_cluster,1
1791138318,dns_external,1
1791138319,dns_cluster,1
1791138319,dns_external,1
1791138320,dns_cluster,1
1791138320,dns_external,1
1791138321,dns_cluster,1
1791138321,dns_external,1
1791138322,dns_cluster,1
1791138322,dns_external,1
1791138323,dns_cluster,1
1791138323,dns_external,1
1791138324,dns_cluster,1
1791138324,dns_external,1
1791138325,dns_cluster,1
1791138325,dns_external,1
1791138326,dns_cluster,1
1791138326,dns_external,1
1791138327,dns_cluster,1
1791138327,dns_external,1
1791138328,dns_cluster,1
1791138328,dns_external,1
1791138329,dns_cluster,1
1791138329,dns_external,1
1791138330,dns_cluster,1
1791138330,dns_external,1
1791138331,dns_cluster,1
1791138331,dns_external,1
1791138332,dns_cluster,1
1791138332,dns_external,1
1791138333,dns_cluster,1
1791138333,dns_external,1
1791138334,dns_cluster,1
1791138334,dns_external,1
1791138335,dns_cluster,1
1791138335,dns_external,1
1791138336,dns_cluster,1
1791138336,dns_external,1
1791138337,dns_cluster,1
1791138337,dns_external,1
1791138339,dns_cluster,1
1791138339,dns_external,1
1791138340,dns_cluster,1
1791138340,dns_external,1
1791138341,dns_cluster,1
1791138341,dns_external,1
1791138342,dns_cluster,1
1791138342,dns_external,1
1791138343,dns_cluster,1
1791138343,dns_external,1
1791138344,dns_cluster,1
1791138344,dns_external,1
1791138345,dns_cluster,1
1791138345,dns_external,1
1791138346,dns_cluster,1
1791138346,dns_external,1
1791138347,dns_cluster,1
1791138347,dns_external,1
1791138348,dns_cluster,1
1791138348,dns_external,1
1791138349,dns_cluster,1
1791138349,dns_external,1
1791138350,dns_cluster,1
1791138350,dns_external,1
1791138351,dns_cluster,1
1791138351,dns_external,1
1791138352,dns_cluster,1
1791138352,dns_external,1
1791138353,dns_cluster,1
1791138353,dns_external,1
1791138354,dns_cluster,1
1791138354,dns_external,1
1791138355,dns_cluster,1
1791138355,dns_external,1
1791138356,dns_cluster,1
1791138356,dns_external,1
1791138357,dns_cluster,1
1791138357,dns_external,1
1791138358,dns_cluster,1
1791138358,dns_external,1
1791138359,dns_cluster,1
1791138359,dns_external,1
1791138360,dns_cluster,1
1791138360,dns_external,1
1791138361,dns_cluster,1
1791138361,dns_external,1
1791138362,dns_cluster,1
1791138362,dns_external,1
1791138363,dns_cluster,1
1791138363,dns_external,1
1791138364,dns_cluster,1
1791138364,dns_external,1
1791138365,dns_cluster,1
1791138365,dns_external,1
1791138366,dns_cluster,1
1791138366,dns_external,1
1791138367,dns_cluster,1
1791138367,dns_external,1
1791138368,dns_cluster,1
1791138368,dns_external,1
1791138370,dns_cluster,1
1791138370,dns_external,1
1791138371,dns_cluster,1
1791138371,dns_external,1
1791138372,dns_cluster,1
1791138372,dns_external,1
1791138373,dns_cluster,1
1791138373,dns_external,1
1791138374,dns_cluster,1
1791138374,dns_external,1
1791138375,dns_cluster,1
1791138375,dns_external,1
1791138376,dns_cluster,1
1791138376,dns_external,1
1791138377,dns_cluster,1
1791138377,dns_external,1
1791138378,dns_cluster,1
1791138378,dns_external,1
1791138379,dns_cluster,1
1791138379,dns_external,1
1791138380,dns_cluster,1
1791138380,dns_external,1
1791138381,dns_cluster,1
1791138381,dns_external,1
1791138382,dns_cluster,1
1791138382,dns_external,1
1791138383,dns_cluster,1
1791138383,dns_external,1
1791138384,dns_cluster,1
1791138384,dns_external,1
1791138385,dns_cluster,1
1791138385,dns_external,1
1791138386,dns_cluster,1
1791138386,dns_external,1
1791138387,dns_cluster,1
1791138387,dns_external,1
1791138388,dns_cluster,1
1791138388,dns_external,1
1791138389,dns_cluster,1
1791138389,dns_external,1
1791138390,dns_cluster,1
1791138390,dns_external,1
1791138391,dns_cluster,1
1791138391,dns_external,1
1791138392,dns_cluster,1
1791138392,dns_external,1
1791138393,dns_cluster,1
1791138393,dns_external,1
1791138394,dns_cluster,1
1791138394,dns_external,1
1791138395,dns_cluster,1
1791138395,dns_external,1
1791138396,dns_cluster,1
1791138396,dns_external,1
1791138397,dns_cluster,1
1791138397,dns_external,1
1791138398,dns_cluster,1
1791138398,dns_external,1
1791138399,dns_cluster,1
1791138399,dns_external,1
1791138400,dns_cluster,1
1791138400,dns_external,1
1791138401,dns_cluster,1
1791138401,dns_external,1
1791138403,dns_cluster,1
1791138403,dns_external,1
1791138404,dns_cluster,1
1791138404,dns_external,1
1791138405,dns_cluster,1
1791138405,dns_external,1
1791138406,dns_cluster,1
1791138406,dns_external,1
1791138407,dns_cluster,1
1791138407,dns_external,1
1791138408,dns_cluster,1
1791138408,dns_external,1
1791138409,dns_cluster,1
1791138409,dns_external,1
1791138410,dns_cluster,1
1791138410,dns_external,1
1791138411,dns_cluster,1
1791138411,dns_external,1
1791138412,dns_cluster,1
1791138412,dns_external,1
1791138413,dns_cluster,1
1791138413,dns_external,1
1791138414,dns_cluster,1
1791138414,dns_external,1
1791138415,dns_cluster,1
1791138415,dns_external,1
1791138416,dns_cluster,1
1791138416,dns_external,1
1791138417,dns_cluster,1
1791138417,dns_external,1
1791138418,dns_cluster,1
1791138418,dns_external,1
1791138419,dns_cluster,1
1791138419,dns_external,1
1791138420,dns_cluster,1
1791138420,dns_external,1
1791138421,dns_cluster,1
1791138421,dns_external,1
1791138422,dns_cluster,1
1791138422,dns_external,1
1791138423,dns_cluster,1
1791138423,dns_external,1
1791138424,dns_cluster,1
1791138424,dns_external,1
1791138425,dns_cluster,1
1791138425,dns_external,1
1791138426,dns_cluster,1
1791138426,dns_external,1
1791138427,dns_cluster,1
1791138427,dns_external,1
1791138428,dns_cluster,1
1791138428,dns_external,1
1791138429,dns_cluster,1
1791138429,dns_external,1
1791138430,dns_cluster,1
1791138430,dns_external,1
1791138431,dns_cluster,1
1791138431,dns_external,1
1791138432,dns_cluster,1
1791138432,dns_external,1
1791138433,dns_cluster,1
1791138433,dns_external,1
1791138434,dns_cluster,1
1791138434,dns_external,1
1791138435,dns_cluster,1
1791138435,dns_external,1
1791138437,dns_cluster,1
1791138437,dns_external,1
1791138438,dns_cluster,1
1791138438,dns_external,1
1791138439,dns_cluster,1
1791138439,dns_external,1
1791138440,dns_cluster,1
1791138440,dns_external,1
1791138441,dns_cluster,1
1791138441,dns_external,1
1791138442,dns_cluster,1
1791138442,dns_external,1
1791138443,dns_cluster,1
1791138443,dns_external,1
1791138444,dns_cluster,1
1791138444,dns_external,1
1791138445,dns_cluster,1
1791138445,dns_external,1
1791138446,dns_cluster,1
1791138446,dns_external,1
1791138447,dns_cluster,1
1791138447,dns_external,1
1791138448,dns_cluster,1
1791138448,dns_external,1
1791138449,dns_cluster,1
1791138449,dns_external,1
1791138450,dns_cluster,1
1791138450,dns_external,1
1791138451,dns_cluster,1
1791138451,dns_external,1
1791138452,dns_cluster,1
1791138452,dns_external,1
1791138453,dns_cluster,1
1791138453,dns_external,1
1791138454,dns_cluster,1
1791138454,dns_external,1
1791138455,dns_cluster,1
1791138455,dns_external,1
1791138456,dns_cluster,1
1791138456,dns_external,1
1791138457,dns_cluster,1
1791138457,dns_external,1
1791138458,dns_cluster,1
1791138458,dns_external,1
1791138459,dns_cluster,1
1791138459,dns_external,1
1791138460,dns_cluster,1
1791138460,dns_external,1
1791138461,dns_cluster,1
1791138461,dns_external,1
1791138462,dns_cluster,1
1791138462,dns_external,1
1791138463,dns_cluster,1
1791138463,dns_external,1
1791138464,dns_cluster,1
1791138464,dns_external,1
1791138465,dns_cluster,1
1791138465,dns_external,1
1791138466,dns_cluster,1
1791138466,dns_external,1
1791138468,dns_cluster,1
1791138468,dns_external,1
1791138469,dns_cluster,1
1791138469,dns_external,1
1791138470,dns_cluster,1
1791138470,dns_external,1
1791138471,dns_cluster,1
1791138471,dns_external,1
1791138472,dns_cluster,1
1791138472,dns_external,1
1791138473,dns_cluster,1
1791138473,dns_external,1
1791138474,dns_cluster,1
1791138474,dns_external,1
1791138475,dns_cluster,1
1791138475,dns_external,1
1791138476,dns_cluster,1
1791138476,dns_external,1
1791138477,dns_cluster,1
1791138477,dns_external,1
1791138478,dns_cluster,1
1791138478,dns_external,1
1791138479,dns_cluster,1
1791138479,dns_external,1
1791138480,dns_cluster,1
1791138480,dns_external,1
1791138481,dns_cluster,1
1791138481,dns_external,1
1791138482,dns_cluster,1
1791138482,dns_external,1
1791138483,dns_cluster,1
1791138483,dns_external,1
1791138484,dns_cluster,1
1791138484,dns_external,1
1791138485,dns_cluster,1
1791138485,dns_external,1
1791138486,dns_cluster,1
1791138486,dns_external,1
1791138487,dns_cluster,1
1791138487,dns_external,1
1791138488,dns_cluster,1
1791138488,dns_external,1
1791138489,dns_cluster,1
1791138489,dns_external,1
1791138490,dns_cluster,1
1791138490,dns_external,1
1791138491,dns_cluster,1
1791138491,dns_external,1
1791138492,dns_cluster,1
1791138492,dns_external,1
1791138493,dns_cluster,1
1791138493,dns_external,1
1791138494,dns_cluster,1
1791138494,dns_external,1
1791138495,dns_cluster,1
1791138495,dns_external,1
1791138496,dns_cluster,1
1791138496,dns_external,1
1791138497,dns_cluster,1
1791138497,dns_external,1
1791138498,dns_cluster,1
1791138498,dns_external,1
1791138499,dns_cluster,1
1791138499,dns_external,1
1791138501,dns_cluster,1
1791138501,dns_external,1
1791138502,dns_cluster,1
1791138502,dns_external,1
1791138503,dns_cluster,1
1791138503,dns_external,1
1791138504,dns_cluster,1
1791138504,dns_external,1
1791138505,dns_cluster,1
1791138505,dns_external,1
1791138506,dns_cluster,1
1791138506,dns_external,1
1791138507,dns_cluster,1
1791138507,dns_external,1
1791138508,dns_cluster,1
1791138508,dns_external,1
1791138509,dns_cluster,1
1791138509,dns_external,1
1791138510,dns_cluster,1
1791138510,dns_external,1
1791138511,dns_cluster,1
1791138511,dns_external,1
1791138512,dns_cluster,1
1791138512,dns_external,1
1791138513,dns_cluster,1
1791138513,dns_external,1
1791138514,dns_cluster,1
1791138514,dns_external,1
1791138515,dns_cluster,1
1791138515,dns_external,1
1791138516,dns_cluster,1
1791138516,dns_external,1
1791138517,dns_cluster,1
1791138517,dns_external,1
1791138518,dns_cluster,1
1791138518,dns_external,1
1791138519,dns_cluster,1
1791138519,dns_external,1
1791138520,dns_cluster,1
1791138520,dns_external,1
1791138521,dns_cluster,1
1791138521,dns_external,1
1791138522,dns_cluster,1
1791138522,dns_external,1
1791138523,dns_cluster,1
1791138523,dns_external,1
1791138524,dns_cluster,1
1791138524,dns_external,1
1791138525,dns_cluster,1
1791138525,dns_external,1
1791138527,dns_cluster,1
1791138527,dns_external,1
1791138528,dns_cluster,1
1791138528,dns_external,1
1791138529,dns_cluster,1
1791138529,dns_external,1
1791138530,dns_cluster,1
1791138530,dns_external,1
1791138531,dns_cluster,1
1791138531,dns_external,1
1791138532,dns_cluster,1
1791138532,dns_external,1
1791138533,dns_cluster,1
1791138533,dns_external,1
1791138534,dns_cluster,1
1791138534,dns_external,1
1791138535,dns_cluster,1
1791138535,dns_external,1
1791138536,dns_cluster,1
1791138536,dns_external,1
1791138537,dns_cluster,1
1791138537,dns_external,1
1791138538,dns_cluster,1
1791138538,dns_external,1
1791138539,dns_cluster,1
1791138539,dns_external,1
1791138540,dns_cluster,1
1791138540,dns_external,1
1791138541,dns_cluster,1
1791138541,dns_external,1
1791138542,dns_cluster,1
1791138542,dns_external,1
1791138543,dns_cluster,1
1791138543,dns_external,1
1791138544,dns_cluster,1
1791138544,dns_external,1
1791138545,dns_cluster,1
1791138545,dns_external,1
1791138546,dns_cluster,1
1791138546,dns_external,1
1791138547,dns_cluster,1
1791138547,dns_external,1
1791138548,dns_cluster,1
1791138548,dns_external,1
1791138549,dns_cluster,1
1791138549,dns_external,1
1791138550,dns_cluster,1
1791138550,dns_external,1
1791138551,dns_cluster,1
1791138551,dns_external,1
1791138552,dns_cluster,1
1791138552,dns_external,1
1791138553,dns_cluster,1
1791138553,dns_external,1
1791138554,dns_cluster,1
1791138554,dns_external,1
1791138555,dns_cluster,1
1791138555,dns_external,1
1791138556,dns_cluster,1
1791138556,dns_external,1
1791138557,dns_cluster,1
1791138557,dns_external,1
1791138558,dns_cluster,1
1791138558,dns_external,1
1791138560,dns_cluster,1
1791138560,dns_external,1
1791138561,dns_cluster,1
1791138561,dns_external,1
1791138562,dns_cluster,1
1791138562,dns_external,1
1791138563,dns_cluster,1
1791138563,dns_external,1
1791138564,dns_cluster,1
1791138564,dns_external,1
1791138565,dns_cluster,1
1791138565,dns_external,1
1791138566,dns_cluster,1
1791138566,dns_external,1
1791138567,dns_cluster,1
1791138567,dns_external,1
1791138568,dns_cluster,1
1791138568,dns_external,1
1791138569,dns_cluster,1
1791138569,dns_external,1
1791138570,dns_cluster,1
1791138570,dns_external,1
1791138571,dns_cluster,1
1791138571,dns_external,1
1791138572,dns_cluster,1
1791138572,dns_external,1
1791138573,dns_cluster,1
1791138573,dns_external,1
1791138574,dns_cluster,1
1791138574,dns_external,1
1791138575,dns_cluster,1
1791138575,dns_external,1
1791138576,dns_cluster,1
1791138576,dns_external,1
1791138577,dns_cluster,1
1791138577,dns_external,1
1791138578,dns_cluster,1
1791138578,dns_external,1
1791138579,dns_cluster,1
1791138579,dns_external,1
1791138580,dns_cluster,1
1791138580,dns_external,1
1791138581,dns_cluster,1
1791138581,dns_external,1
1791138582,dns_cluster,1
1791138582,dns_external,1
1791138583,dns_cluster,1
1791138583,dns_external,1
1791138584,dns_cluster,1
1791138584,dns_external,1
1791138585,dns_cluster,1
1791138585,dns_external,1
1791138586,dns_cluster,1
1791138586,dns_external,1
1791138587,dns_cluster,1
1791138587,dns_external,1
1791138588,dns_cluster,1
1791138588,dns_external,1
1791138589,dns_cluster,1
1791138589,dns_external,1
1791138590,dns_cluster,1
1791138590,dns_external,1
1791138591,dns_cluster,1
1791138591,dns_external,1
1791138592,dns_cluster,1
1791138592,dns_external,1
1791138593,dns_cluster,1
1791138593,dns_external,1
1791138595,dns_cluster,1
1791138595,dns_external,1
1791138596,dns_cluster,1
1791138596,dns_external,1
1791138597,dns_cluster,1
1791138597,dns_external,1
1791138598,dns_cluster,1
1791138598,dns_external,1
1791138599,dns_cluster,1
1791138599,dns_external,1
1791138600,dns_cluster,1
1791138600,dns_external,1
1791138601,dns_cluster,1
1791138601,dns_external,1
1791138602,dns_cluster,1
1791138602,dns_external,1
1791138603,dns_cluster,1
1791138603,dns_external,1
1791138604,dns_cluster,1
1791138604,dns_external,1
1791138605,dns_cluster,1
1791138605,dns_external,1
1791138606,dns_cluster,1
1791138606,dns_external,1
1791138607,dns_cluster,1
1791138607,dns_external,1
1791138608,dns_cluster,1
1791138608,dns_external,1
1791138609,dns_cluster,1
1791138609,dns_external,1
1791138610,dns_cluster,1
1791138610,dns_external,1
1791138611,dns_cluster,1
1791138611,dns_external,1
1791138612,dns_cluster,1
1791138612,dns_external,1
1791138613,dns_cluster,1
1791138613,dns_external,1
1791138614,dns_cluster,1
1791138614,dns_external,1
1791138615,dns_cluster,1
1791138615,dns_external,1
1791138616,dns_cluster,1
1791138616,dns_external,1
1791138617,dns_cluster,1
1791138617,dns_external,1
1791138618,dns_cluster,1
1791138618,dns_external,1
1791138619,dns_cluster,1
1791138619,dns_external,1
1791138620,dns_cluster,1
1791138620,dns_external,1
1791138621,dns_cluster,1
1791138621,dns_external,1
1791138622,dns_cluster,1
1791138622,dns_external,1
1791138623,dns_cluster,1
1791138623,dns_external,1
1791138624,dns_cluster,1
1791138624,dns_external,1
1791138625,dns_cluster,1
1791138625,dns_external,1
1791138626,dns_cluster,1
1791138626,dns_external,1
1791138627,dns_cluster,1
1791138627,dns_external,1
1791138628,dns_cluster,1
1791138628,dns_external,1
1791138629,dns_cluster,1
1791138629,dns_external,1
1791138631,dns_cluster,1
1791138631,dns_external,1
1791138632,dns_cluster,1
1791138632,dns_external,1
1791138633,dns_cluster,1
1791138633,dns_external,1
1791138634,dns_cluster,1
1791138634,dns_external,1
1791138635,dns_cluster,1
1791138635,dns_external,1
1791138636,dns_cluster,1
1791138636,dns_external,1
1791138637,dns_cluster,1
1791138637,dns_external,1
1791138638,dns_cluster,1
1791138638,dns_external,1
1791138639,dns_cluster,1
1791138639,dns_external,1
1791138640,dns_cluster,1
1791138640,dns_external,1
1791138641,dns_cluster,1
1791138641,dns_external,1
1791138642,dns_cluster,1
1791138642,dns_external,1
