1791138049.840,argocd,1
1791138049.838,grafana,1
1791138049.838,api,1
1791138049.839,etcd_healthy,3
1791138050.864,argocd,1
1791138050.865,grafana,1
1791138050.908,api,1
1791138051.892,argocd,1
1791138051.894,grafana,1
1791138051.964,api,1
1791138052.916,argocd,1
1791138052.919,grafana,1
1791138053.033,api,1
1791138053.942,argocd,1
1791138053.944,grafana,1
1791138054.091,api,1
1791138054.964,argocd,1
1791138054.967,grafana,1
1791138054.914,etcd_healthy,3
1791138055.169,api,1
1791138055.983,argocd,1
1791138055.990,grafana,1
1791138056.233,api,1
1791138057.017,argocd,1
1791138057.020,grafana,1
1791138057.309,api,1
1791138058.047,argocd,1
1791138058.050,grafana,1
1791138058.377,api,1
1791138059.075,argocd,1
1791138059.079,grafana,1
1791138059.451,api,1
1791138059.993,etcd_healthy,3
1791138060.104,argocd,1
1791138060.111,grafana,1
1791138060.523,api,1
1791138061.132,argocd,1
1791138061.138,grafana,1
1791138061.594,api,1
1791138062.164,argocd,1
1791138062.167,grafana,1
1791138063.189,argocd,1
1791138063.194,grafana,1
1791138062.668,api,1
1791138064.238,grafana,1
1791138064.235,argocd,1
1791138064.239,api,1
1791138065.094,etcd_healthy,3
1791138065.293,argocd,1
1791138065.293,grafana,1
1791138065.309,api,1
1791138066.325,grafana,1
1791138066.323,argocd,1
1791138066.374,api,1
1791138067.350,argocd,1
1791138067.350,grafana,1
1791138067.447,api,1
1791138068.376,argocd,1
1791138068.377,grafana,1
1791138068.525,api,1
1791138069.409,argocd,1
1791138069.413,grafana,1
1791138069.599,api,1
1791138070.201,etcd_healthy,3
1791138070.438,argocd,1
1791138070.449,grafana,1
1791138070.675,api,1
1791138071.470,argocd,1
1791138071.478,grafana,1
1791138071.751,api,1
1791138072.502,argocd,1
1791138072.506,grafana,1
1791138072.835,api,1
1791138073.539,grafana,1
1791138073.539,argocd,1
1791138073.909,api,1
1791138074.581,argocd,1
1791138074.582,grafana,1
1791138074.986,api,1
1791138075.287,etcd_healthy,3
1791138075.611,argocd,1
1791138075.615,grafana,1
1791138076.042,api,1
1791138076.648,argocd,1
1791138076.654,grafana,1
1791138077.113,api,1
1791138077.685,argocd,1
1791138077.691,grafana,1
1791138078.184,api,1
1791138078.715,argocd,1
1791138078.719,grafana,1
1791138079.262,api,1
1791138079.742,argocd,1
1791138079.746,grafana,1
1791138080.332,api,1
1791138080.384,etcd_healthy,3
1791138080.772,argocd,1
1791138080.777,grafana,1
1791138081.401,api,1
1791138081.804,argocd,1
1791138081.811,grafana,1
1791138082.479,api,1
1791138082.829,argocd,1
1791138082.845,grafana,1
1791138083.582,api,1
1791138083.862,argocd,1
1791138083.874,grafana,1
1791138084.705,api,1
1791138084.891,argocd,1
1791138084.903,grafana,1
1791138085.473,etcd_healthy,3
1791138085.770,api,1
1791138085.923,argocd,1
1791138085.935,grafana,1
1791138086.833,api,1
1791138086.956,argocd,1
1791138086.968,grafana,1
1791138087.910,api,1
1791138087.985,argocd,1
1791138087.991,grafana,1
1791138089.006,argocd,1
1791138089.013,grafana,1
1791138088.996,api,1
1791138090.028,argocd,1
1791138090.034,grafana,1
1791138090.062,api,1
1791138090.572,etcd_healthy,3
1791138091.050,argocd,1
1791138091.058,grafana,1
1791138091.128,api,1
1791138092.081,argocd,1
1791138092.089,grafana,1
1791138092.204,api,1
1791138093.111,argocd,1
1791138093.123,grafana,1
1791138093.276,api,1
1791138094.144,argocd,1
1791138094.159,grafana,1
1791138094.359,api,1
1791138095.430,api,1
1791138095.171,argocd,1
1791138095.198,grafana,1
1791138095.659,etcd_healthy,3
1791138096.630,argocd,1
1791138096.502,api,1
1791138096.876,grafana,1
1791138097.666,argocd,1
1791138097.690,api,1
1791138097.912,grafana,1
1791138098.703,argocd,1
1791138098.768,api,1
1791138098.952,grafana,1
1791138099.735,argocd,1
1791138099.838,api,1
1791138099.990,grafana,1
1791138100.768,argocd,1
1791138100.893,etcd_healthy,3
1791138100.912,api,1
1791138101.025,grafana,1
1791138101.806,argocd,1
1791138102.003,api,1
1791138102.055,grafana,1
1791138102.838,argocd,1
1791138103.074,grafana,1
1791138103.058,api,1
1791138103.869,argocd,1
1791138104.097,grafana,1
1791138104.130,api,1
1791138104.911,argocd,1
1791138105.132,grafana,1
1791138105.207,api,1
1791138105.936,argocd,1
1791138106.001,etcd_healthy,3
1791138106.165,grafana,1
1791138106.287,api,1
1791138106.968,argocd,1
1791138107.199,grafana,1
1791138107.365,api,1
1791138108.000,argocd,1
1791138108.230,grafana,1
1791138108.442,api,1
1791138109.031,argocd,1
1791138109.251,grafana,1
1791138109.510,api,1
1791138110.060,argocd,1
1791138110.282,grafana,1
1791138110.589,api,1
1791138111.094,argocd,1
1791138111.096,etcd_healthy,3
1791138111.881,api,1
1791138112.123,argocd,1
1791138113.032,api,1
1791138113.148,argocd,1
1791138111.313,grafana,0
1791138114.106,api,1
1791138114.166,argocd,1
1791138114.343,grafana,0
1791138115.185,argocd,1
1791138115.176,api,1
1791138115.370,grafana,0
1791138116.211,argocd,1
1791138116.246,api,1
1791138116.394,grafana,0
1791138117.230,argocd,1
1791138117.293,api,1
1791138117.411,grafana,0
1791138118.250,argocd,1
1791138118.428,grafana,0
1791138118.374,api,1
1791138119.284,argocd,1
1791138119.442,grafana,0
1791138119.449,api,1
1791138120.315,argocd,1
1791138120.464,grafana,0
1791138120.522,api,1
1791138121.345,argocd,1
1791138121.494,grafana,0
1791138121.590,api,1
1791138122.376,argocd,1
1791138122.520,grafana,0
1791138122.664,api,1
1791138123.396,argocd,1
1791138123.539,grafana,0
1791138123.732,api,1
1791138116.194,etcd_healthy,2
1791138124.431,argocd,1
1791138124.566,grafana,0
1791138124.799,api,1
1791138125.463,argocd,1
1791138125.592,grafana,0
1791138125.877,api,1
1791138126.495,argocd,1
1791138126.621,grafana,0
1791138126.951,api,1
1791138127.527,argocd,1
1791138127.649,grafana,0
1791138128.064,api,1
1791138128.581,argocd,1
1791138128.777,grafana,0
1791138129.217,api,1
1791138129.616,argocd,1
1791138129.802,grafana,0
1791138130.277,api,1
1791138130.665,argocd,1
1791138130.828,grafana,0
1791138131.359,api,1
1791138131.697,argocd,1
1791138131.857,grafana,0
1791138132.444,api,1
1791138132.729,argocd,1
1791138132.884,grafana,0
1791138133.514,api,1
1791138133.760,argocd,1
1791138133.912,grafana,0
1791138134.596,api,1
1791138134.790,argocd,1
1791138134.941,grafana,0
1791138135.684,api,1
1791138135.827,argocd,1
1791138135.965,grafana,0
1791138129.216,etcd_healthy,2
1791138136.767,api,1
1791138136.857,argocd,1
1791138136.983,grafana,0
1791138137.878,argocd,1
1791138137.843,api,1
1791138138.008,grafana,0
1791138138.900,argocd,1
1791138138.915,api,1
1791138139.036,grafana,0
1791138139.929,argocd,1
1791138140.003,api,1
1791138140.062,grafana,0
1791138140.963,argocd,1
1791138141.075,grafana,0
1791138141.061,api,1
1791138141.252,etcd_healthy,2
1791138141.997,argocd,1
1791138142.091,grafana,0
1791138142.125,api,1
1791138143.033,argocd,1
1791138143.119,grafana,0
1791138143.202,api,1
1791138144.066,argocd,1
1791138144.145,grafana,0
1791138144.277,api,1
1791138145.100,argocd,1
1791138145.174,grafana,0
1791138145.360,api,1
1791138146.136,argocd,1
1791138146.202,grafana,0
1791138146.315,etcd_healthy,2
1791138146.424,api,1
1791138147.170,argocd,1
1791138147.227,grafana,0
1791138147.490,api,1
1791138148.202,argocd,1
1791138148.240,grafana,0
1791138148.577,api,1
1791138149.235,argocd,1
1791138149.256,grafana,0
1791138149.652,api,1
1791138150.277,grafana,0
1791138150.267,argocd,1
1791138150.723,api,1
1791138151.300,grafana,0
1791138151.302,argocd,1
1791138151.379,etcd_healthy,2
1791138151.799,api,1
1791138152.331,grafana,0
1791138152.335,argocd,1
1791138152.915,api,1
1791138153.345,grafana,0
1791138153.354,argocd,1
1791138153.997,api,1
1791138154.362,grafana,0
1791138154.375,argocd,1
1791138155.063,api,1
1791138155.402,grafana,0
1791138155.407,argocd,1
1791138156.128,api,1
1791138156.429,grafana,0
1791138156.430,argocd,1
1791138156.558,etcd_healthy,2
1791138157.214,api,1
1791138157.448,grafana,0
1791138157.468,argocd,1
1791138158.306,api,1
1791138158.478,grafana,0
1791138158.492,argocd,1
1791138159.397,api,1
1791138159.505,grafana,0
1791138159.521,argocd,1
1791138160.534,grafana,0
1791138160.465,api,1
1791138160.547,argocd,1
1791138161.553,grafana,0
1791138161.566,argocd,1
1791138161.557,api,1
1791138161.622,etcd_healthy,2
1791138162.582,grafana,0
1791138162.588,argocd,1
1791138162.621,api,1
1791138163.603,grafana,0
1791138163.616,argocd,1
1791138163.691,api,1
1791138164.623,grafana,0
1791138164.638,argocd,1
1791138164.762,api,1
1791138165.645,grafana,0
1791138165.670,argocd,1
1791138165.837,api,1
1791138166.674,grafana,0
1791138166.706,argocd,1
1791138166.817,etcd_healthy,2
1791138166.920,api,1
1791138167.700,grafana,0
1791138167.737,argocd,1
1791138167.998,api,1
1791138168.725,grafana,0
1791138168.768,argocd,1
1791138169.073,api,1
1791138169.753,grafana,0
1791138169.799,argocd,1
1791138170.159,api,1
1791138170.784,grafana,0
1791138170.835,argocd,1
1791138171.254,api,1
1791138171.811,grafana,0
1791138171.874,argocd,1
1791138171.903,etcd_healthy,2
1791138172.372,api,1
1791138172.842,grafana,0
1791138172.907,argocd,1
1791138173.443,api,1
1791138173.870,grafana,0
1791138173.935,argocd,1
1791138174.518,api,1
1791138174.896,grafana,0
1791138174.968,argocd,1
1791138175.663,api,1
1791138175.917,grafana,0
1791138175.995,argocd,1
1791138176.719,api,1
1791138176.944,grafana,0
1791138177.016,argocd,1
1791138177.034,etcd_healthy,2
1791138177.783,api,1
1791138178.006,grafana,0
1791138178.092,argocd,1
1791138178.895,api,1
1791138179.029,grafana,0
1791138179.193,argocd,1
1791138179.965,api,1
1791138180.042,grafana,0
1791138180.216,argocd,1
1791138181.058,grafana,0
1791138181.029,api,1
1791138181.236,argocd,1
1791138182.079,grafana,0
1791138182.095,api,1
1791138182.147,etcd_healthy,2
1791138182.258,argocd,1
1791138183.111,grafana,0
1791138183.160,api,1
1791138183.301,argocd,1
1791138184.131,grafana,0
1791138184.227,api,1
1791138184.338,argocd,1
1791138185.157,grafana,0
1791138185.297,api,1
1791138185.368,argocd,1
1791138186.186,grafana,0
1791138186.394,argocd,1
1791138186.368,api,1
1791138187.208,grafana,0
1791138187.225,etcd_healthy,2
1791138187.419,argocd,1
1791138187.445,api,1
1791138188.234,grafana,0
1791138188.451,argocd,1
1791138188.515,api,1
1791138189.254,grafana,0
1791138189.471,argocd,1
1791138189.582,api,1
1791138190.280,grafana,0
1791138190.505,argocd,1
1791138190.663,api,1
1791138191.308,grafana,0
1791138191.537,argocd,1
1791138191.737,api,1
1791138192.330,grafana,0
1791138192.310,etcd_healthy,2
1791138192.569,argocd,1
1791138192.805,api,1
1791138193.348,grafana,0
1791138193.672,argocd,1
1791138193.890,api,1
1791138194.374,grafana,0
1791138194.728,argocd,1
1791138194.951,api,1
1791138195.398,grafana,0
1791138195.756,argocd,1
1791138196.017,api,1
1791138196.428,grafana,0
1791138196.782,argocd,1
1791138197.080,api,1
1791138197.456,grafana,0
1791138197.499,etcd_healthy,2
1791138197.801,argocd,1
1791138198.157,api,1
1791138198.487,grafana,0
1791138198.851,argocd,1
1791138199.240,api,1
1791138199.514,grafana,0
1791138199.883,argocd,1
1791138200.328,api,1
1791138200.545,grafana,0
1791138200.913,argocd,1
1791138201.399,api,1
1791138201.573,grafana,0
1791138201.940,argocd,1
1791138202.493,api,1
1791138202.602,grafana,0
1791138202.602,etcd_healthy,2
1791138202.972,argocd,1
1791138203.625,grafana,0
1791138203.582,api,1
1791138204.008,argocd,1
1791138204.641,grafana,0
1791138204.653,api,1
1791138205.041,argocd,1
1791138205.662,grafana,0
1791138205.724,api,1
1791138206.071,argocd,1
1791138206.687,grafana,0
1791138206.834,api,1
1791138207.104,argocd,1
1791138207.713,grafana,0
1791138207.707,etcd_healthy,2
1791138207.922,api,1
1791138208.140,argocd,1
1791138208.749,grafana,0
1791138209.001,api,1
1791138209.171,argocd,1
1791138209.775,grafana,0
1791138210.059,api,1
1791138210.208,argocd,1
1791138210.797,grafana,0
1791138211.116,api,1
1791138211.228,argocd,1
1791138211.823,grafana,0
1791138212.247,argocd,1
1791138212.231,api,1
1791138212.839,grafana,0
1791138212.815,etcd_healthy,2
1791138213.268,argocd,1
1791138213.299,api,1
1791138213.859,grafana,0
1791138214.303,argocd,1
1791138214.373,api,1
1791138214.884,grafana,0
1791138215.335,argocd,1
1791138215.453,api,1
1791138215.907,grafana,0
1791138216.370,argocd,1
1791138216.536,api,1
1791138216.932,grafana,0
1791138217.401,argocd,1
1791138217.629,api,1
1791138217.955,grafana,0
1791138217.892,etcd_healthy,2
1791138218.435,argocd,1
1791138218.707,api,1
1791138218.970,grafana,0
1791138219.467,argocd,1
1791138219.779,api,1
1791138220.000,grafana,0
1791138220.498,argocd,1
1791138220.850,api,1
1791138221.029,grafana,0
1791138221.535,argocd,1
1791138221.914,api,1
1791138222.055,grafana,0
1791138222.569,argocd,1
1791138222.992,api,1
1791138222.992,etcd_healthy,2
1791138223.073,grafana,0
1791138223.604,argocd,1
1791138224.093,grafana,0
1791138224.059,api,1
1791138224.633,argocd,1
1791138225.242,grafana,0
1791138225.264,api,1
1791138225.665,argocd,1
1791138226.264,grafana,0
1791138226.334,api,1
1791138226.727,argocd,1
1791138227.295,grafana,0
1791138227.411,api,1
1791138227.749,argocd,1
1791138228.086,etcd_healthy,2
1791138228.318,grafana,0
1791138228.502,api,1
1791138228.776,argocd,1
1791138229.336,grafana,0
1791138229.578,api,1
1791138229.807,argocd,1
1791138230.362,grafana,0
1791138230.661,api,1
1791138230.841,argocd,1
1791138231.389,grafana,0
1791138231.727,api,1
1791138231.878,argocd,1
1791138232.419,grafana,0
1791138232.806,api,1
1791138232.909,argocd,1
1791138233.164,etcd_healthy,2
1791138233.447,grafana,0
1791138233.869,api,1
1791138233.937,argocd,1
1791138234.474,grafana,0
1791138234.967,argocd,1
1791138234.947,api,1
1791138235.498,grafana,0
1791138235.992,argocd,1
1791138236.015,api,1
1791138236.527,grafana,0
1791138237.020,argocd,1
1791138237.092,api,1
1791138237.548,grafana,0
1791138238.052,argocd,1
1791138238.174,api,1
1791138238.256,etcd_healthy,2
1791138238.576,grafana,0
1791138239.096,argocd,1
1791138239.239,api,1
1791138239.609,grafana,0
1791138240.131,argocd,1
1791138240.306,api,1
1791138240.638,grafana,0
1791138241.167,argocd,1
1791138241.395,api,1
1791138241.669,grafana,0
1791138242.201,argocd,1
1791138242.472,api,1
1791138242.698,grafana,0
1791138243.236,argocd,1
1791138243.348,etcd_healthy,2
1791138243.548,api,1
1791138243.728,grafana,0
1791138244.263,argocd,1
1791138244.622,api,1
1791138244.757,grafana,0
1791138245.298,argocd,1
1791138245.700,api,1
1791138245.784,grafana,0
1791138246.332,argocd,1
1791138246.809,grafana,0
1791138246.787,api,1
1791138247.356,argocd,1
1791138247.828,grafana,0
1791138247.853,api,1
1791138248.384,argocd,1
1791138248.441,etcd_healthy,2
1791138248.857,grafana,0
1791138248.910,api,1
1791138249.416,argocd,1
1791138249.885,grafana,0
1791138249.996,api,1
1791138250.449,argocd,1
1791138250.911,grafana,0
1791138251.056,api,1
1791138251.481,argocd,1
1791138251.934,grafana,0
1791138252.124,api,1
1791138252.514,argocd,1
1791138252.953,grafana,0
1791138253.200,api,1
1791138253.547,argocd,1
1791138253.526,etcd_healthy,2
1791138253.985,grafana,0
1791138254.274,api,1
1791138254.568,argocd,1
1791138255.012,grafana,0
1791138255.358,api,1
1791138255.600,argocd,1
1791138256.042,grafana,0
1791138256.428,api,1
1791138256.630,argocd,1
1791138257.071,grafana,0
1791138257.545,api,1
1791138257.663,argocd,1
1791138258.122,grafana,0
1791138258.623,etcd_healthy,2
1791138258.727,argocd,1
1791138258.708,api,1
1791138259.151,grafana,0
1791138259.754,argocd,1
1791138259.781,api,1
1791138260.181,grafana,0
1791138260.784,argocd,1
1791138260.849,api,1
1791138261.204,grafana,0
1791138261.812,argocd,1
1791138261.927,api,1
1791138262.228,grafana,0
1791138262.841,argocd,1
1791138262.990,api,1
1791138263.256,grafana,0
1791138263.710,etcd_healthy,2
1791138263.872,argocd,1
1791138264.057,api,1
1791138264.277,grafana,0
1791138264.905,argocd,1
1791138265.123,api,1
1791138265.296,grafana,0
1791138265.937,argocd,1
1791138266.206,api,1
1791138266.325,grafana,0
1791138266.968,argocd,1
1791138267.285,api,1
1791138267.354,grafana,0
1791138267.999,argocd,1
1791138268.387,grafana,0
1791138268.387,api,1
1791138268.804,etcd_healthy,2
1791138269.032,argocd,1
1791138269.407,grafana,0
1791138269.479,api,1
1791138270.060,argocd,1
1791138270.436,grafana,0
1791138270.554,api,1
1791138271.090,argocd,1
1791138271.472,grafana,0
1791138271.668,api,1
1791138272.115,argocd,1
1791138272.500,grafana,0
1791138272.758,api,1
1791138273.148,argocd,1
1791138273.529,grafana,0
1791138273.826,api,1
1791138273.894,etcd_healthy,2
1791138274.189,argocd,1
1791138274.559,grafana,0
1791138274.900,api,1
1791138275.223,argocd,1
1791138275.584,grafana,0
1791138275.981,api,1
1791138276.253,argocd,1
1791138276.610,grafana,0
1791138277.047,api,1
1791138277.273,argocd,1
1791138277.640,grafana,0
1791138278.112,api,1
1791138278.305,argocd,1
1791138278.672,grafana,0
1791138279.007,etcd_healthy,2
1791138279.198,api,1
1791138279.339,argocd,1
1791138279.701,grafana,0
1791138280.269,api,1
1791138280.371,argocd,1
1791138280.729,grafana,0
1791138281.402,argocd,1
1791138281.345,api,1
1791138281.759,grafana,0
1791138282.438,argocd,1
1791138282.439,api,1
1791138282.789,grafana,0
1791138283.465,argocd,1
1791138283.521,api,1
1791138283.819,grafana,0
1791138284.088,etcd_healthy,2
1791138284.490,argocd,1
1791138284.604,api,1
1791138284.853,grafana,0
1791138285.528,argocd,1
1791138285.704,api,1
1791138285.886,grafana,0
1791138286.554,argocd,1
1791138286.782,api,1
1791138286.914,grafana,0
1791138287.583,argocd,1
1791138287.944,grafana,0
1791138287.851,api,1
1791138288.627,argocd,1
1791138288.974,grafana,0
1791138289.075,api,1
1791138289.200,etcd_healthy,2
1791138289.668,argocd,1
1791138290.000,grafana,0
1791138290.203,api,1
1791138290.784,argocd,1
1791138291.030,grafana,0
1791138291.270,api,1
1791138291.820,argocd,1
1791138292.058,grafana,0
1791138292.346,api,1
1791138292.856,argocd,1
1791138293.090,grafana,0
1791138293.427,api,1
1791138293.882,argocd,1
1791138294.120,grafana,0
1791138294.430,etcd_healthy,2
1791138294.500,api,1
1791138294.912,argocd,1
1791138295.152,grafana,0
1791138295.563,api,1
1791138295.950,argocd,1
1791138296.178,grafana,0
1791138296.647,api,1
1791138296.981,argocd,1
1791138297.202,grafana,0
1791138297.715,api,1
1791138298.017,argocd,1
1791138298.234,grafana,0
1791138298.779,api,1
1791138299.053,argocd,1
1791138299.269,grafana,0
1791138299.500,etcd_healthy,2
1791138299.857,api,1
1791138300.085,argocd,1
1791138300.300,grafana,0
1791138300.937,api,1
1791138301.123,argocd,1
1791138301.330,grafana,0
1791138301.998,api,1
1791138302.146,argocd,1
1791138302.369,grafana,0
1791138303.069,api,1
1791138303.178,argocd,1
1791138303.397,grafana,0
1791138304.141,api,1
1791138304.211,argocd,1
1791138304.428,grafana,0
1791138304.592,etcd_healthy,2
1791138305.244,argocd,1
1791138305.219,api,1
1791138305.456,grafana,0
1791138306.263,argocd,1
1791138306.297,api,1
1791138306.480,grafana,0
1791138307.288,argocd,1
1791138307.365,api,1
1791138307.496,grafana,0
1791138308.321,argocd,1
1791138308.436,api,1
1791138308.526,grafana,0
1791138309.347,argocd,1
1791138309.555,grafana,0
1791138309.510,api,1
1791138309.701,etcd_healthy,2
1791138310.377,argocd,1
1791138310.573,grafana,0
1791138310.577,api,1
1791138311.413,argocd,1
1791138311.602,grafana,0
1791138311.660,api,1
1791138312.447,argocd,1
1791138312.632,grafana,0
1791138312.732,api,1
1791138313.476,argocd,1
1791138313.662,grafana,0
1791138313.815,api,1
1791138314.501,argocd,1
1791138314.691,grafana,0
1791138314.803,etcd_healthy,2
1791138314.886,api,1
1791138315.530,argocd,1
1791138315.720,grafana,0
1791138315.947,api,1
1791138316.566,argocd,1
1791138316.752,grafana,0
1791138317.015,api,1
1791138317.589,argocd,1
1791138317.782,grafana,0
1791138318.083,api,1
1791138318.622,argocd,1
1791138318.811,grafana,0
1791138319.162,api,1
1791138319.653,argocd,1
1791138319.835,grafana,0
1791138319.886,etcd_healthy,2
1791138320.226,api,1
1791138320.688,argocd,1
1791138320.862,grafana,0
1791138321.298,api,1
1791138321.720,argocd,1
1791138321.901,grafana,0
1791138322.368,api,1
1791138322.753,argocd,1
1791138322.929,grafana,0
1791138323.546,api,1
1791138323.780,argocd,1
1791138323.957,grafana,0
1791138324.617,api,1
1791138324.818,argocd,1
1791138324.983,grafana,0
1791138324.982,etcd_healthy,2
1791138325.668,api,1
1791138325.851,argocd,1
1791138326.004,grafana,0
1791138326.742,api,1
1791138326.887,argocd,1
1791138327.032,grafana,0
1791138327.810,api,1
1791138327.922,argocd,1
1791138328.056,grafana,0
1791138328.895,api,1
1791138328.954,argocd,1
1791138329.074,grafana,0
1791138329.985,argocd,1
1791138329.972,api,1
1791138330.099,grafana,0
1791138330.061,etcd_healthy,2
1791138331.006,argocd,1
1791138331.033,api,1
1791138331.120,grafana,0
1791138332.038,argocd,1
1791138332.093,api,1
1791138332.141,grafana,0
1791138333.068,argocd,1
1791138333.157,grafana,0
1791138333.147,api,1
1791138334.100,argocd,1
1791138334.181,grafana,0
1791138334.226,api,1
1791138335.127,argocd,1
1791138335.207,grafana,0
1791138335.159,etcd_healthy,2
1791138335.306,api,1
1791138336.161,argocd,1
1791138336.223,grafana,0
1791138336.374,api,1
1791138337.192,argocd,1
1791138337.244,grafana,0
1791138337.449,api,1
1791138338.220,argocd,1
1791138338.268,grafana,0
1791138338.536,api,1
1791138339.250,argocd,1
1791138339.287,grafana,0
1791138339.600,api,1
1791138340.273,argocd,1
1791138340.237,etcd_healthy,2
1791138340.312,grafana,0
1791138340.687,api,1
1791138341.298,argocd,1
1791138341.341,grafana,0
1791138341.763,api,1
1791138342.330,argocd,1
1791138342.370,grafana,0
1791138342.843,api,1
1791138343.364,argocd,1
1791138343.397,grafana,0
1791138343.901,api,1
1791138344.393,argocd,1
1791138344.421,grafana,0
1791138344.975,api,1
1791138345.339,etcd_healthy,2
1791138345.409,argocd,1
1791138345.447,grafana,0
1791138346.037,api,1
1791138346.427,argocd,1
1791138346.467,grafana,0
1791138347.091,api,1
1791138347.448,argocd,1
1791138347.487,grafana,0
1791138348.155,api,1
1791138348.477,argocd,1
1791138348.511,grafana,0
1791138349.220,api,1
1791138349.497,argocd,1
1791138349.537,grafana,0
1791138350.301,api,1
1791138350.422,etcd_healthy,2
1791138350.518,argocd,1
1791138350.563,grafana,0
1791138351.387,api,1
1791138351.547,argocd,1
1791138351.588,grafana,0
1791138352.469,api,1
1791138352.580,argocd,1
1791138352.611,grafana,0
1791138353.531,api,1
1791138353.611,argocd,1
1791138353.634,grafana,0
1791138354.656,grafana,0
1791138354.643,argocd,1
1791138354.604,api,1
1791138355.696,grafana,0
1791138355.514,etcd_healthy,2
1791138355.699,argocd,1
1791138355.713,api,1
1791138356.724,grafana,0
1791138356.727,argocd,1
1791138356.779,api,1
1791138357.749,grafana,0
1791138357.757,argocd,1
1791138358.012,api,1
1791138358.771,grafana,0
1791138358.783,argocd,1
1791138359.075,api,1
1791138359.801,grafana,0
1791138359.814,argocd,1
1791138360.150,api,1
1791138360.724,etcd_healthy,2
1791138360.832,grafana,0
1791138360.852,argocd,1
1791138361.229,api,1
1791138361.857,grafana,0
1791138361.885,argocd,1
1791138362.300,api,1
1791138362.887,grafana,0
1791138362.918,argocd,1
1791138363.362,api,1
1791138363.911,grafana,0
1791138363.950,argocd,1
1791138364.432,api,1
1791138364.937,grafana,0
1791138364.981,argocd,1
1791138365.502,api,1
1791138365.807,etcd_healthy,2
1791138365.966,grafana,0
1791138366.005,argocd,1
1791138366.569,api,1
1791138366.993,grafana,0
1791138367.041,argocd,1
1791138367.633,api,1
1791138368.019,grafana,0
1791138368.072,argocd,1
1791138368.702,api,1
1791138369.048,grafana,0
1791138369.103,argocd,1
1791138369.786,api,1
1791138370.078,grafana,0
1791138370.132,argocd,1
1791138370.859,api,1
1791138370.895,etcd_healthy,2
1791138371.107,grafana,0
1791138371.163,argocd,1
1791138371.920,api,1
1791138372.133,grafana,0
1791138372.197,argocd,1
1791138372.997,api,1
1791138373.160,grafana,0
1791138373.228,argocd,1
1791138374.062,api,1
1791138374.183,grafana,0
1791138374.264,argocd,1
1791138375.119,api,1
1791138375.212,grafana,0
1791138375.297,argocd,1
1791138375.962,etcd_healthy,2
1791138376.243,grafana,0
1791138376.221,api,1
1791138376.327,argocd,1
1791138377.275,grafana,0
1791138377.344,argocd,1
1791138377.314,api,1
1791138378.301,grafana,0
1791138378.366,argocd,1
1791138378.388,api,1
1791138379.325,grafana,0
1791138379.400,argocd,1
1791138379.447,api,1
1791138380.353,grafana,0
1791138380.431,argocd,1
1791138380.536,api,1
1791138381.050,etcd_healthy,2
1791138381.380,grafana,0
1791138381.459,argocd,1
1791138381.609,api,1
1791138382.407,grafana,0
1791138382.488,argocd,1
1791138382.678,api,1
1791138383.434,grafana,0
1791138383.531,argocd,1
1791138383.732,api,1
1791138384.462,grafana,0
1791138384.566,argocd,1
1791138384.798,api,1
1791138385.491,grafana,0
1791138385.595,argocd,1
1791138385.856,api,1
1791138386.141,etcd_healthy,2
1791138386.521,grafana,0
1791138386.620,argocd,1
1791138386.924,api,1
1791138387.545,grafana,0
1791138387.655,argocd,1
1791138387.991,api,1
1791138388.681,grafana,0
1791138388.694,argocd,1
1791138389.060,api,1
1791138389.710,grafana,0
1791138389.721,argocd,1
1791138390.117,api,1
1791138390.730,grafana,0
1791138390.740,argocd,1
1791138391.205,api,1
1791138391.247,etcd_healthy,2
1791138391.748,grafana,0
1791138391.760,argocd,1
1791138392.277,api,1
1791138392.775,grafana,0
1791138392.790,argocd,1
1791138393.342,api,1
1791138393.801,grafana,0
1791138393.816,argocd,1
1791138394.411,api,1
1791138394.829,grafana,0
1791138394.845,argocd,1
1791138395.484,api,1
1791138395.855,grafana,0
1791138395.872,argocd,1
1791138396.321,etcd_healthy,2
1791138396.567,api,1
1791138396.880,grafana,0
1791138396.896,argocd,1
1791138397.647,api,1
1791138397.908,grafana,0
1791138397.930,argocd,1
1791138398.718,api,1
1791138398.936,grafana,0
1791138398.960,argocd,1
1791138399.788,api,1
1791138399.985,grafana,0
1791138399.988,argocd,1
1791138400.854,api,1
1791138401.009,grafana,0
1791138401.013,argocd,1
1791138401.413,etcd_healthy,2
1791138401.912,api,1
1791138402.037,grafana,0
1791138402.048,argocd,1
1791138403.010,api,1
1791138403.055,grafana,0
1791138403.072,argocd,1
1791138404.070,grafana,0
1791138404.095,argocd,1
1791138404.067,api,1
1791138405.095,grafana,0
1791138405.115,argocd,1
1791138405.124,api,1
1791138406.125,grafana,0
1791138406.140,argocd,1
1791138406.188,api,1
1791138406.520,etcd_healthy,2
1791138407.150,grafana,0
1791138407.167,argocd,1
1791138407.257,api,1
1791138408.177,grafana,0
1791138408.194,argocd,1
1791138408.325,api,1
1791138409.200,grafana,0
1791138409.216,argocd,1
1791138409.408,api,1
1791138410.219,grafana,0
1791138410.235,argocd,1
1791138410.483,api,1
1791138411.245,grafana,0
1791138411.257,argocd,1
1791138411.559,api,1
1791138411.592,etcd_healthy,2
1791138412.263,grafana,0
1791138412.275,argocd,1
1791138412.645,api,1
1791138413.283,grafana,0
1791138413.295,argocd,1
1791138413.715,api,1
1791138414.304,grafana,0
1791138414.326,argocd,1
1791138414.786,api,1
1791138415.330,grafana,0
1791138415.356,argocd,1
1791138415.868,api,1
1791138416.358,grafana,0
1791138416.384,argocd,1
1791138416.699,etcd_healthy,2
1791138416.940,api,1
1791138417.384,grafana,0
1791138417.405,argocd,1
1791138418.001,api,1
1791138418.408,grafana,0
1791138418.435,argocd,1
1791138419.070,api,1
1791138419.431,grafana,0
1791138419.465,argocd,1
1791138420.134,api,1
1791138420.454,grafana,0
1791138420.489,argocd,1
1791138421.209,api,1
1791138421.483,grafana,0
1791138421.520,argocd,1
1791138421.790,etcd_healthy,2
1791138422.284,api,1
1791138422.512,grafana,0
1791138422.875,argocd,1
1791138423.355,api,1
1791138423.542,grafana,0
1791138423.907,argocd,1
1791138424.573,grafana,0
1791138424.562,api,1
1791138424.943,argocd,1
1791138425.595,grafana,0
1791138425.634,api,1
1791138425.983,argocd,1
1791138426.620,grafana,0
1791138426.703,api,1
1791138426.916,etcd_healthy,2
1791138427.008,argocd,1
1791138427.645,grafana,0
1791138427.767,api,1
1791138428.027,argocd,1
1791138428.672,grafana,0
1791138428.837,api,1
1791138429.058,argocd,1
1791138429.704,grafana,0
1791138429.911,api,1
1791138430.101,argocd,1
1791138430.733,grafana,0
1791138430.975,api,1
1791138431.126,argocd,1
1791138431.759,grafana,0
1791138432.004,etcd_healthy,2
1791138432.041,api,1
1791138432.161,argocd,1
1791138432.786,grafana,0
1791138433.090,api,1
1791138433.193,argocd,1
1791138433.812,grafana,0
1791138434.222,argocd,1
1791138434.179,api,1
1791138434.842,grafana,0
1791138435.242,argocd,1
1791138435.242,api,1
1791138435.867,grafana,0
1791138436.271,argocd,1
1791138436.316,api,1
1791138436.891,grafana,0
1791138437.082,etcd_healthy,2
1791138437.302,argocd,1
1791138437.384,api,1
1791138437.910,grafana,0
1791138438.335,argocd,1
1791138438.457,api,1
1791138438.938,grafana,0
1791138439.368,argocd,1
1791138439.522,api,1
1791138439.967,grafana,0
1791138440.398,argocd,1
1791138440.617,api,1
1791138440.992,grafana,0
1791138441.427,argocd,1
1791138441.691,api,1
1791138442.009,grafana,0
1791138442.214,etcd_healthy,2
1791138442.447,argocd,1
1791138442.756,api,1
1791138443.027,grafana,0
1791138443.482,argocd,1
1791138443.818,api,1
1791138444.056,grafana,0
1791138444.512,argocd,1
1791138444.903,api,1
1791138445.079,grafana,0
1791138445.540,argocd,1
1791138446.000,api,1
1791138446.108,grafana,0
1791138446.578,argocd,1
1791138447.053,api,1
1791138447.135,grafana,0
1791138447.333,etcd_healthy,2
1791138447.608,argocd,1
1791138448.155,grafana,0
1791138448.125,api,1
1791138448.641,argocd,1
1791138449.172,grafana,0
1791138449.200,api,1
1791138449.665,argocd,1
1791138450.198,grafana,0
1791138450.261,api,1
1791138450.708,argocd,1
1791138451.217,grafana,0
1791138451.337,api,1
1791138451.741,argocd,1
1791138452.240,grafana,0
1791138452.417,api,1
1791138452.440,etcd_healthy,2
1791138452.769,argocd,1
1791138453.269,grafana,0
1791138453.523,api,1
1791138453.802,argocd,1
1791138454.588,api,1
1791138454.845,argocd,1
1791138455.689,api,1
1791138455.891,argocd,1
1791138454.299,grafana,0
1791138456.918,argocd,1
1791138456.874,api,1
1791138457.320,grafana,0
1791138457.546,etcd_healthy,2
1791138457.940,argocd,1
1791138457.948,api,1
1791138458.335,grafana,0
1791138458.960,argocd,1
1791138459.000,api,1
1791138459.357,grafana,0
1791138459.997,argocd,1
1791138460.059,api,1
1791138460.387,grafana,0
1791138461.027,argocd,1
1791138461.111,api,1
1791138461.415,grafana,0
1791138462.052,argocd,1
1791138462.172,api,1
1791138462.440,grafana,0
1791138462.623,etcd_healthy,2
1791138463.079,argocd,1
1791138463.238,api,1
1791138463.468,grafana,0
1791138464.108,argocd,1
1791138464.309,api,1
1791138464.498,grafana,0
1791138465.138,argocd,1
1791138465.379,api,1
1791138465.522,grafana,0
1791138466.167,argocd,1
1791138466.445,api,1
1791138466.540,grafana,0
1791138467.204,argocd,1
1791138467.563,grafana,0
1791138467.520,api,1
1791138467.731,etcd_healthy,2
1791138468.230,argocd,1
1791138468.583,grafana,0
1791138468.584,api,1
1791138469.262,argocd,1
1791138469.607,grafana,0
1791138469.654,api,1
1791138470.287,argocd,1
1791138470.640,grafana,0
1791138470.740,api,1
1791138471.314,argocd,1
1791138471.671,grafana,0
1791138471.822,api,1
1791138472.341,argocd,1
1791138472.699,grafana,0
1791138472.836,etcd_healthy,2
1791138472.893,api,1
1791138473.377,argocd,1
1791138473.730,grafana,0
1791138473.957,api,1
1791138474.411,argocd,1
1791138474.760,grafana,0
1791138475.025,api,1
1791138475.443,argocd,1
1791138475.792,grafana,0
1791138476.097,api,1
1791138476.478,argocd,1
1791138476.823,grafana,0
1791138477.169,api,1
1791138477.509,argocd,1
1791138477.852,grafana,0
1791138477.941,etcd_healthy,2
1791138478.236,api,1
1791138478.543,argocd,1
1791138478.876,grafana,0
1791138479.311,api,1
1791138479.574,argocd,1
1791138479.898,grafana,0
1791138480.375,api,1
1791138480.606,argocd,1
1791138480.925,grafana,0
1791138481.443,api,1
1791138481.626,argocd,1
1791138481.942,grafana,0
1791138482.521,api,1
1791138482.659,argocd,1
1791138482.969,grafana,0
1791138483.051,etcd_healthy,2
1791138483.599,api,1
1791138483.683,argocd,1
1791138484.001,grafana,0
1791138484.666,api,1
1791138484.712,argocd,1
1791138485.032,grafana,0
1791138485.730,argocd,1
1791138485.729,api,1
1791138486.060,grafana,0
1791138486.762,argocd,1
1791138486.805,api,1
1791138487.085,grafana,0
1791138487.871,api,1
1791138488.102,grafana,0
1791138488.127,etcd_healthy,2
1791138487.798,argocd,1
1791138489.232,grafana,0
1791138489.086,api,1
1791138489.834,argocd,1
1791138490.261,grafana,0
1791138490.276,api,1
1791138490.855,argocd,1
1791138491.286,grafana,0
1791138491.349,api,1
1791138491.885,argocd,1
1791138492.314,grafana,0
1791138492.434,api,1
1791138492.917,argocd,1
1791138493.334,grafana,0
1791138493.283,etcd_healthy,2
1791138493.495,api,1
1791138493.953,argocd,1
1791138494.349,grafana,0
1791138494.578,api,1
1791138494.984,argocd,1
1791138495.362,grafana,0
1791138495.639,api,1
1791138496.021,argocd,1
1791138496.380,grafana,0
1791138496.698,api,1
1791138497.049,argocd,1
1791138497.396,grafana,0
1791138497.759,api,1
1791138498.071,argocd,1
1791138498.412,grafana,0
1791138498.372,etcd_healthy,2
1791138498.834,api,1
1791138499.102,argocd,1
1791138499.432,grafana,0
1791138499.905,api,1
1791138500.134,argocd,1
1791138500.460,grafana,0
1791138500.994,api,1
1791138501.167,argocd,1
1791138501.492,grafana,0
1791138502.050,api,1
1791138502.207,argocd,1
1791138502.518,grafana,0
1791138503.116,api,1
1791138503.242,argocd,1
1791138503.542,grafana,0
1791138503.483,etcd_healthy,2
1791138504.204,api,1
1791138504.271,argocd,1
1791138504.563,grafana,0
1791138505.295,argocd,1
1791138505.273,api,1
1791138505.590,grafana,0
1791138506.313,argocd,1
1791138506.332,api,1
1791138506.616,grafana,0
1791138507.348,argocd,1
1791138507.404,api,1
1791138507.637,grafana,0
1791138508.374,argocd,1
1791138508.463,api,1
1791138508.668,grafana,0
1791138508.599,etcd_healthy,2
1791138509.400,argocd,1
1791138509.533,api,1
1791138509.694,grafana,0
1791138510.426,argocd,1
1791138510.596,api,1
1791138510.719,grafana,0
1791138511.458,argocd,1
1791138511.731,grafana,0
1791138511.674,api,1
1791138512.489,argocd,1
1791138512.749,grafana,0
1791138512.760,api,1
1791138513.528,argocd,1
1791138513.708,etcd_healthy,2
1791138513.777,grafana,0
1791138513.833,api,1
1791138514.562,argocd,1
1791138514.797,grafana,0
1791138514.898,api,1
1791138515.592,argocd,1
1791138515.815,grafana,0
1791138515.980,api,1
1791138516.623,argocd,1
1791138516.866,grafana,0
1791138517.073,api,1
1791138517.646,argocd,1
1791138517.897,grafana,0
1791138518.158,api,1
1791138518.665,argocd,1
1791138518.791,etcd_healthy,2
1791138518.918,grafana,0
1791138519.228,api,1
1791138519.698,argocd,1
1791138519.938,grafana,0
1791138520.296,api,1
1791138520.734,argocd,1
1791138520.982,grafana,0
1791138521.362,api,1
1791138522.009,grafana,0
1791138522.003,argocd,1
1791138522.452,api,1
1791138523.058,grafana,0
1791138523.061,argocd,1
1791138523.665,api,1
1791138523.917,etcd_healthy,2
1791138524.079,grafana,0
1791138524.084,argocd,1
1791138524.752,api,1
1791138525.103,grafana,0
1791138525.110,argocd,1
1791138525.824,api,1
1791138526.119,grafana,0
1791138526.132,argocd,1
1791138526.940,api,1
1791138527.139,grafana,0
1791138527.157,argocd,1
1791138528.001,api,1
1791138528.165,grafana,0
1791138528.182,argocd,1
1791138529.011,etcd_healthy,2
1791138529.056,api,1
1791138529.195,grafana,0
1791138529.209,argocd,1
1791138530.145,api,1
1791138530.253,grafana,0
1791138530.257,argocd,1
1791138531.214,api,1
1791138531.278,grafana,0
1791138531.286,argocd,1
1791138532.301,grafana,0
1791138532.310,argocd,1
1791138532.288,api,1
1791138533.321,grafana,0
1791138533.332,argocd,1
1791138533.366,api,1
1791138534.108,etcd_healthy,2
1791138534.347,grafana,0
1791138534.360,argocd,1
1791138534.441,api,1
1791138535.370,grafana,0
1791138535.384,argocd,1
1791138535.509,api,1
1791138536.396,grafana,0
1791138536.418,argocd,1
1791138536.585,api,1
1791138537.420,grafana,0
1791138537.446,argocd,1
1791138537.658,api,1
1791138538.454,grafana,0
1791138538.469,argocd,1
1791138538.720,api,1
1791138539.202,etcd_healthy,2
1791138539.486,grafana,0
1791138539.497,argocd,1
1791138539.783,api,1
1791138540.515,grafana,0
1791138540.525,argocd,1
1791138540.834,api,1
1791138541.542,grafana,0
1791138541.554,argocd,1
1791138541.940,api,1
1791138542.569,grafana,0
1791138542.582,argocd,1
1791138543.017,api,1
1791138543.599,grafana,0
1791138543.614,argocd,1
1791138544.076,api,1
1791138544.290,etcd_healthy,2
1791138544.625,grafana,0
1791138544.638,argocd,1
1791138545.140,api,1
1791138545.643,grafana,0
1791138545.661,argocd,1
1791138546.213,api,1
1791138546.665,grafana,0
1791138546.690,argocd,1
1791138547.283,api,1
1791138547.685,grafana,0
1791138547.709,argocd,1
1791138548.343,api,1
1791138548.709,grafana,0
1791138548.740,argocd,1
1791138549.385,etcd_healthy,2
1791138549.397,api,1
1791138549.735,grafana,0
1791138549.770,argocd,1
1791138550.452,api,1
1791138550.764,grafana,0
1791138550.797,argocd,1
1791138551.539,api,1
1791138551.785,grafana,0
1791138551.820,argocd,1
1791138552.611,api,1
1791138552.801,grafana,0
1791138552.841,argocd,1
1791138553.697,api,1
1791138553.828,grafana,0
1791138553.948,argocd,1
1791138554.443,etcd_healthy,2
1791138554.772,api,1
1791138554.842,grafana,0
1791138554.998,argocd,1
1791138555.854,grafana,0
1791138555.834,api,1
1791138556.014,argocd,1
1791138556.870,grafana,0
1791138556.907,api,1
1791138557.033,argocd,1
1791138557.892,grafana,0
1791138557.973,api,1
1791138558.066,argocd,1
1791138558.918,grafana,0
1791138559.031,api,1
1791138559.094,argocd,1
1791138559.626,etcd_healthy,2
1791138559.945,grafana,0
1791138560.117,argocd,1
1791138560.099,api,1
1791138560.966,grafana,0
1791138561.145,argocd,1
1791138561.172,api,1
1791138561.983,grafana,0
1791138562.179,argocd,1
1791138562.243,api,1
1791138563.006,grafana,0
1791138563.203,argocd,1
1791138563.319,api,1
1791138564.030,grafana,0
1791138564.218,argocd,1
1791138564.383,api,1
1791138564.725,etcd_healthy,2
1791138565.050,grafana,0
1791138565.243,argocd,1
1791138565.446,api,1
1791138566.079,grafana,0
1791138566.279,argocd,1
1791138566.515,api,1
1791138567.101,grafana,0
1791138567.306,argocd,1
1791138567.577,api,1
1791138568.120,grafana,0
1791138568.343,argocd,1
1791138568.633,api,1
1791138569.134,grafana,0
1791138569.375,argocd,1
1791138569.693,api,1
1791138569.813,etcd_healthy,2
1791138570.155,grafana,0
1791138570.394,argocd,1
1791138570.790,api,1
1791138571.180,grafana,0
1791138571.418,argocd,1
1791138571.872,api,1
1791138572.206,grafana,0
1791138572.439,argocd,1
1791138572.935,api,1
1791138573.223,grafana,0
1791138573.474,argocd,1
1791138574.002,api,1
1791138574.241,grafana,0
1791138574.508,argocd,1
1791138574.884,etcd_healthy,3
1791138575.056,api,1
1791138575.269,grafana,0
1791138575.543,argocd,1
1791138576.113,api,1
1791138576.293,grafana,0
1791138576.579,argocd,1
1791138577.194,api,1
1791138577.305,grafana,0
1791138577.609,argocd,1
1791138578.263,api,1
1791138578.319,grafana,0
1791138578.635,argocd,1
1791138579.338,grafana,0
1791138579.323,api,1
1791138579.665,argocd,1
1791138579.944,etcd_healthy,3
1791138580.351,grafana,0
1791138580.385,api,1
1791138580.693,argocd,1
1791138581.370,grafana,0
1791138581.451,api,1
1791138581.725,argocd,1
1791138582.395,grafana,0
1791138582.517,api,1
1791138582.758,argocd,1
1791138583.408,grafana,0
1791138583.607,api,1
1791138583.788,argocd,1
1791138584.434,grafana,0
1791138584.680,api,1
1791138584.810,argocd,1
1791138585.043,etcd_healthy,3
1791138585.468,grafana,0
1791138585.751,api,1
1791138585.912,argocd,1
1791138586.500,grafana,0
1791138586.825,api,1
1791138586.991,argocd,1
1791138587.536,grafana,0
1791138587.882,api,1
1791138588.024,argocd,1
1791138588.572,grafana,0
1791138588.967,api,1
1791138589.061,argocd,1
1791138589.605,grafana,1
1791138590.015,api,1
1791138590.085,argocd,1
1791138590.180,etcd_healthy,3
1791138590.632,grafana,1
1791138591.110,argocd,1
1791138591.079,api,1
1791138591.660,grafana,1
1791138592.129,argocd,1
1791138592.131,api,1
1791138592.695,grafana,1
1791138593.155,argocd,1
1791138593.217,api,1
1791138593.723,grafana,1
1791138594.188,argocd,1
1791138594.289,api,1
1791138594.754,grafana,1
1791138595.220,argocd,1
1791138595.243,etcd_healthy,3
1791138595.368,api,1
1791138595.796,grafana,1
1791138596.245,argocd,1
1791138596.430,api,1
1791138596.825,grafana,1
1791138597.280,argocd,1
1791138597.480,api,1
1791138597.858,grafana,1
1791138598.313,argocd,1
1791138598.543,api,1
1791138598.878,grafana,1
1791138599.340,argocd,1
1791138599.611,api,1
1791138599.907,grafana,1
1791138600.368,argocd,1
1791138600.316,etcd_healthy,3
1791138600.694,api,1
1791138600.928,grafana,1
1791138601.396,argocd,1
1791138601.773,api,1
1791138601.950,grafana,1
1791138602.432,argocd,1
1791138602.862,api,1
1791138602.985,grafana,1
1791138603.458,argocd,1
1791138603.939,api,1
1791138604.019,grafana,1
1791138604.487,argocd,1
1791138604.999,api,1
1791138605.050,grafana,1
1791138605.406,etcd_healthy,3
1791138605.517,argocd,1
1791138606.083,grafana,1
1791138606.066,api,1
1791138606.550,argocd,1
1791138607.128,grafana,1
1791138607.201,api,1
1791138607.581,argocd,1
1791138608.154,grafana,1
1791138608.258,api,1
1791138608.605,argocd,1
1791138609.190,grafana,1
1791138609.334,api,1
1791138609.636,argocd,1
1791138610.230,grafana,1
1791138610.420,api,1
1791138610.492,etcd_healthy,3
1791138610.670,argocd,1
1791138611.263,grafana,1
1791138611.484,api,1
1791138611.703,argocd,1
1791138612.294,grafana,1
1791138612.551,api,1
1791138612.747,argocd,1
1791138613.316,grafana,1
1791138613.601,api,1
1791138613.774,argocd,1
1791138614.340,grafana,1
1791138614.665,api,1
1791138614.793,argocd,1
1791138615.373,grafana,1
1791138615.580,etcd_healthy,3
1791138615.742,api,1
1791138615.822,argocd,1
1791138616.408,grafana,1
1791138616.852,argocd,1
1791138616.808,api,1
1791138617.443,grafana,1
1791138617.874,argocd,1
1791138617.876,api,1
1791138618.474,grafana,1
1791138618.909,argocd,1
1791138618.931,api,1
1791138619.498,grafana,1
1791138619.939,argocd,1
1791138620.097,api,1
1791138620.516,grafana,1
1791138620.682,etcd_healthy,3
1791138620.967,argocd,1
1791138621.259,api,1
1791138621.637,grafana,1
1791138621.990,argocd,1
1791138622.336,api,1
1791138622.669,grafana,1
1791138623.020,argocd,1
1791138623.402,api,1
1791138623.697,grafana,1
1791138624.052,argocd,1
1791138624.475,api,1
1791138624.722,grafana,1
1791138625.124,argocd,1
1791138625.628,api,1
1791138625.745,grafana,1
1791138625.841,etcd_healthy,3
1791138626.150,argocd,1
1791138626.706,api,1
1791138626.763,grafana,1
1791138627.185,argocd,1
1791138627.802,grafana,1
1791138627.799,api,1
1791138628.222,argocd,1
1791138628.827,grafana,1
1791138628.874,api,1
1791138629.261,argocd,1
1791138629.849,grafana,1
1791138629.937,api,1
1791138630.292,argocd,1
1791138630.874,grafana,1
1791138630.910,etcd_healthy,3
1791138631.005,api,1
1791138631.412,argocd,1
1791138631.901,grafana,1
1791138632.065,api,1
1791138632.442,argocd,1
1791138632.932,grafana,1
1791138633.129,api,1
1791138633.474,argocd,1
1791138633.962,grafana,1
1791138634.205,api,1
1791138634.506,argocd,1
1791138634.991,grafana,1
1791138635.282,api,1
1791138635.537,argocd,1
1791138636.016,grafana,1
1791138636.001,etcd_healthy,3
1791138636.361,api,1
1791138636.572,argocd,1
1791138637.038,grafana,1
1791138637.454,api,1
1791138637.617,argocd,1
1791138638.067,grafana,1
1791138638.521,api,1
1791138638.649,argocd,1
1791138639.094,grafana,1
1791138639.587,api,1
1791138639.679,argocd,1
1791138640.126,grafana,1
1791138640.654,api,1
1791138640.705,argocd,1
1791138641.081,etcd_healthy,3
1791138641.157,grafana,1
1791138641.733,argocd,1
1791138641.723,api,1
1791138642.189,grafana,1
